code,name1c,cat,sub,metal,qty,shops,per,sales,sum_sales,last_dt,last_price
000099715,подвеска подарок (шт.) 84-130-01817-1 (Ag.800),Подвески,,Серебро 800,1690,2,"18 Подружка:1688, 15 Егорьевск №2:2",2657,27,2026-08-08,0.01
000066206,кольцо обр глк 1400008175 (Au.585),Кольца,Обручальные,Золото 585,121,8,"12 Воскресенск №2:26, №4 Луховицы:19, №5 Озёры:17, №1 Раменское №1:16, 14 Электрогорск:14, 15 Егорьевск №2:11, 11 Ногинск №3:10, 18 Подружка:8",1887,16376627,2026-08-18,22784.0
000000159,цепь нц12-053,Цепи,,,29,8,"№4 Луховицы:6, 18 Подружка:5, 11 Ногинск №3:4, 12 Воскресенск №2:4, 15 Егорьевск №2:3, №5 Озёры:3, 14 Электрогорск:3, №1 Раменское №1:1",1666,17758819,2026-07-16,113175.0
000005084,кольцо обр глк 110031,Кольца,Обручальные,,3,3,"15 Егорьевск №2:1, №5 Озёры:1, 12 Воскресенск №2:1",1475,6564186,2025-02-08,28800.0
000005083,кольцо обр глк 110030,Кольца,Обручальные,,5,5,"15 Егорьевск №2:1, №1 Раменское №1:1, №4 Луховицы:1, №5 Озёры:1, 14 Электрогорск:1",1466,8536350,2025-03-02,36224.0
000004027,кольцо обр глк 11000004 (Au.585),Кольца,Обручальные,Золото 585,76,8,"12 Воскресенск №2:14, 14 Электрогорск:12, №4 Луховицы:10, 11 Ногинск №3:10, 15 Егорьевск №2:8, №5 Озёры:8, №1 Раменское №1:7, 18 Подружка:7",1457,15271344,2026-08-30,30592.0
000066210,кольцо обр глк 1400008177 (Au.585),Кольца,Обручальные,Золото 585,22,8,"№5 Озёры:4, 18 Подружка:4, 12 Воскресенск №2:4, 14 Электрогорск:3, №1 Раменское №1:2, №4 Луховицы:2, 11 Ногинск №3:2, 15 Егорьевск №2:1",1357,12517922,2026-08-05,37632.0
000116215,комплект SOKOLOV-SURPRISE-BOX (Ag.925),Комплекты,,Серебро 925,96,3,"№7 Егорьевск №1:44, 17 Солнечногорск:35, 19 Истра:17",1128,1113529,2026-08-31,1980.0
000000993,кольцо обр с/к 01-4038-21,Кольца,Обручальные,,17,5,"11 Ногинск №3:6, №4 Луховицы:4, 12 Воскресенск №2:4, 15 Егорьевск №2:2, №1 Раменское №1:1",1041,16893986,2026-08-10,52992.0
000005797,кольцо обр глк 110029,Кольца,Обручальные,,6,4,"№5 Озёры:2, 12 Воскресенск №2:2, №4 Луховицы:1, 14 Электрогорск:1",805,6231872,2026-06-06,47360.0
000002645,кольцо сис 11010135,Кольца,,,114,8,"№1 Раменское №1:20, №5 Озёры:18, 11 Ногинск №3:17, 14 Электрогорск:14, 12 Воскресенск №2:13, №4 Луховицы:12, 15 Егорьевск №2:10, 18 Подружка:10",784,7407153,2026-08-24,25600.0
000056027,цепь нц12-053 (Au.585),Цепи,,Золото 585,1,1,15 Егорьевск №2:1,753,8378774,2025-08-17,40500.0
000000128,цепь нц12-078,Цепи,,,28,8,"№5 Озёры:5, 15 Егорьевск №2:4, №1 Раменское №1:4, №4 Луховицы:4, 11 Ногинск №3:4, 18 Подружка:3, 12 Воскресенск №2:3, 14 Электрогорск:1",747,9899789,2026-08-06,85885.0
000004728,кольцо обр глк 11000003,Кольца,Обручальные,,55,5,"№4 Луховицы:15, №1 Раменское №1:14, 11 Ногинск №3:11, №5 Озёры:9, 18 Подружка:6",722,4634902,2026-08-27,18048.0
000002646,кольцо сис 11000104,Кольца,,,127,8,"№5 Озёры:22, №1 Раменское №1:18, 11 Ногинск №3:17, 12 Воскресенск №2:16, №4 Луховицы:15, 18 Подружка:14, 14 Электрогорск:13, 15 Егорьевск №2:12",717,4724288,2026-08-14,25600.0
000005396,цепь цнн20512040,Цепи,,,11,7,"№1 Раменское №1:3, №4 Луховицы:2, 12 Воскресенск №2:2, 15 Егорьевск №2:1, №5 Озёры:1, 11 Ногинск №3:1, 14 Электрогорск:1",663,9460052,2026-08-19,99675.0
000066208,кольцо обр глк 1400008192 (Au.585),Кольца,Обручальные,Золото 585,36,8,"№5 Озёры:10, №1 Раменское №1:7, 12 Воскресенск №2:5, №4 Луховицы:4, 15 Егорьевск №2:3, 18 Подружка:3, 14 Электрогорск:3, 11 Ногинск №3:1",639,7238753,2026-07-10,40192.0
000063310,кольцо обр глк 1400008174 (Au.585),Кольца,Обручальные,Золото 585,10,5,"№1 Раменское №1:3, №5 Озёры:3, 18 Подружка:2, №4 Луховицы:1, 11 Ногинск №3:1",576,3252987,2026-08-28,20323.6
000005397,цепь цнн20512030,Цепи,,,13,8,"18 Подружка:3, 11 Ногинск №3:3, №5 Озёры:2, 15 Егорьевск №2:1, №1 Раменское №1:1, №4 Луховицы:1, 12 Воскресенск №2:1, 14 Электрогорск:1",510,3658813,2026-08-19,52875.0
000073928,кольцо обр глк 11000005 (Au.585),Кольца,Обручальные,Золото 585,122,8,"15 Егорьевск №2:21, 11 Ногинск №3:18, 18 Подружка:15, 14 Электрогорск:15, №1 Раменское №1:14, 12 Воскресенск №2:14, №4 Луховицы:13, №5 Озёры:12",477,8060700,2026-08-31,39424.0
000104192,цепь 968020302 (Ag.925),Цепи,,Серебро 925,71,3,"17 Солнечногорск:38, №7 Егорьевск №1:29, 19 Истра:4",461,274826,2026-08-30,1380.0
000006000,цепь црм20512035,Цепи,,,7,5,"14 Электрогорск:3, 15 Егорьевск №2:1, №1 Раменское №1:1, №5 Озёры:1, 18 Подружка:1",405,4071698,2026-08-28,72675.0
000090698,кольцо обр 3800101701 (Ag.925),Кольца,Обручальные,Серебро 925,186,8,"№1 Раменское №1:29, №4 Луховицы:29, №5 Озёры:25, 11 Ногинск №3:24, 12 Воскресенск №2:23, 14 Электрогорск:22, 18 Подружка:19, 15 Егорьевск №2:15",383,528220,2026-09-06,4208.0
000009940,серьги вс-2222 (Au.585),Серьги,,Золото 585,8,6,"№1 Раменское №1:3, 15 Егорьевск №2:1, №5 Озёры:1, 18 Подружка:1, 11 Ногинск №3:1, 14 Электрогорск:1",382,1822350,2026-08-08,27072.5
000005403,цепь цпн20412030,Цепи,,,2,2,"18 Подружка:1, 12 Воскресенск №2:1",378,3077834,2025-03-11,50952.5
000000889,браслет 7080200п,Браслеты,,,6,5,"№1 Раменское №1:2, №4 Луховицы:1, №5 Озёры:1, 11 Ногинск №3:1, 12 Воскресенск №2:1",377,5730875,2024-09-21,70124.0
000017899,кольцо сис вк-2256 (Au.585),Кольца,,Золото 585,65,6,"11 Ногинск №3:15, №1 Раменское №1:12, 15 Егорьевск №2:11, №5 Озёры:11, №4 Луховицы:8, 12 Воскресенск №2:8",371,3717026,2026-08-13,24064.0
000004924,кольцо сис вк-2257 (Au.585),Кольца,,Золото 585,74,7,"№5 Озёры:12, 12 Воскресенск №2:12, 14 Электрогорск:12, №1 Раменское №1:10, 11 Ногинск №3:10, 15 Егорьевск №2:9, №4 Луховицы:9",359,3622628,2026-08-25,24320.0
000000887,цепь 8060200п,Цепи,,,3,3,"№4 Луховицы:1, 18 Подружка:1, 11 Ногинск №3:1",354,7020441,2025-09-01,164475.0
000030326,цепь нц12-028 (Au.585),Цепи,,Золото 585,50,8,"15 Егорьевск №2:9, №1 Раменское №1:7, №5 Озёры:7, 14 Электрогорск:7, №4 Луховицы:6, 18 Подружка:6, 11 Ногинск №3:4, 12 Воскресенск №2:4",337,7660732,2026-07-06,53550.0
000005398,цепь црм20512040,Цепи,,,8,5,"15 Егорьевск №2:2, №5 Озёры:2, 12 Воскресенск №2:2, 18 Подружка:1, 11 Ногинск №3:1",332,4673317,2024-03-19,71760.0
000005399,цепь црм20512030,Цепи,,,7,5,"11 Ногинск №3:3, №1 Раменское №1:1, №5 Озёры:1, 18 Подружка:1, 12 Воскресенск №2:1",328,2413837,2026-08-30,55125.0
000001015,цепь 8050200п,Цепи,,,1,1,12 Воскресенск №2:1,325,4381448,2026-05-29,68307.5
000000337,кольцо обр берт ок-536м,Кольца,Обручальные,,23,5,"11 Ногинск №3:6, №5 Озёры:5, 12 Воскресенск №2:5, №1 Раменское №1:4, 14 Электрогорск:3",322,4649046,2026-05-06,50048.0
000095165,цепь нц22-053ю-3 (Ag.925),Цепи,,Серебро 925,51,8,"11 Ногинск №3:10, 18 Подружка:8, 15 Егорьевск №2:7, №4 Луховицы:7, 14 Электрогорск:6, №1 Раменское №1:5, №5 Озёры:5, 12 Воскресенск №2:3",321,537280,2026-08-31,5625.0
000010343,кольцо обр двуспл 01-3246-39,Кольца,Обручальные,,8,5,"12 Воскресенск №2:4, 15 Егорьевск №2:1, №4 Луховицы:1, 11 Ногинск №3:1, 14 Электрогорск:1",318,3089703,2026-05-04,37120.0
000039666,цепь нц22-022-3 (Ag.925),Цепи,,Серебро 925,4,4,"№1 Раменское №1:1, 11 Ногинск №3:1, 12 Воскресенск №2:1, 14 Электрогорск:1",316,104751,2026-06-03,2912.0
000001014,браслет 7050200п,Браслеты,,,1,1,№4 Луховицы:1,312,1719789,2024-03-30,20160.0
000000619,кольцо сис 51605,Кольца,,,5,4,"12 Воскресенск №2:2, 15 Егорьевск №2:1, 11 Ногинск №3:1, 14 Электрогорск:1",310,2334148,2026-06-15,28800.0
000031135,цепь нц12-200 (Au.585),Цепи,,Золото 585,105,8,"№1 Раменское №1:20, 11 Ногинск №3:17, 18 Подружка:15, №4 Луховицы:13, №5 Озёры:12, 15 Егорьевск №2:10, 12 Воскресенск №2:9, 14 Электрогорск:9",308,9322032,2026-08-17,110025.0
000019503,кольцо сис 110211,Кольца,,,3,3,"15 Егорьевск №2:1, №5 Озёры:1, 11 Ногинск №3:1",307,1210210,2025-07-31,15360.0
000000339,кольцо обр берт ок-536ж,Кольца,Обручальные,,5,3,"12 Воскресенск №2:3, №1 Раменское №1:1, №5 Озёры:1",305,2974431,2026-05-06,35840.0
000004727,кольцо обр глк 11000006_ (Au.585),Кольца,Обручальные,Золото 585,3,2,"№5 Озёры:2, 12 Воскресенск №2:1",299,2408917,2023-07-16,23940.0
000083741,браслет нб22-100ю-3 (Ag.925),Браслеты,,Серебро 925,19,8,"№5 Озёры:4, 12 Воскресенск №2:4, №4 Луховицы:3, №1 Раменское №1:2, 11 Ногинск №3:2, 14 Электрогорск:2, 15 Егорьевск №2:1, 18 Подружка:1",295,462678,2026-03-07,6656.0
000104196,цепь 968030304 (Ag.925),Цепи,,Серебро 925,39,3,"17 Солнечногорск:24, №7 Егорьевск №1:14, 19 Истра:1",287,170347,2026-08-30,1380.0
000010178,цепь нц12-053 (Au.585),Цепи,,Золото 585,56,8,"№1 Раменское №1:13, №4 Луховицы:8, 18 Подружка:8, №5 Озёры:7, 11 Ногинск №3:6, 12 Воскресенск №2:6, 14 Электрогорск:5, 15 Егорьевск №2:3",286,5623982,2026-07-29,36935.0
000005405,цепь црм20512025,Цепи,,,10,8,"№5 Озёры:2, 14 Электрогорск:2, 15 Егорьевск №2:1, №1 Раменское №1:1, №4 Луховицы:1, 18 Подружка:1, 11 Ногинск №3:1, 12 Воскресенск №2:1",281,1570582,2026-08-31,39150.0
000004547,цепь агр-040-ц,Цепи,,,3,3,"№4 Луховицы:1, №5 Озёры:1, 18 Подружка:1",278,6407348,2024-11-26,180450.0
000061496,цепь 1668040800 (Au.585),Цепи,,Золото 585,16,7,"12 Воскресенск №2:4, 11 Ногинск №3:3, 15 Егорьевск №2:2, №1 Раменское №1:2, №5 Озёры:2, 18 Подружка:2, 14 Электрогорск:1",272,8011159,2026-08-06,117225.0
000063778,цепь 1658040200 (Au.585),Цепи,,Золото 585,20,8,"№4 Луховицы:5, 15 Егорьевск №2:4, №1 Раменское №1:2, №5 Озёры:2, 11 Ногинск №3:2, 12 Воскресенск №2:2, 14 Электрогорск:2, 18 Подружка:1",271,6041624,2026-05-06,129600.0
000094702,цепь нц12-076 (Au.585),Цепи,,Золото 585,63,8,"№1 Раменское №1:16, 18 Подружка:9, №5 Озёры:8, 15 Егорьевск №2:7, №4 Луховицы:7, 12 Воскресенск №2:7, 11 Ногинск №3:6, 14 Электрогорск:3",269,8132614,2026-08-15,85725.0
000063757,цепь 1658035120 (Au.585),Цепи,,Золото 585,25,8,"№5 Озёры:5, 15 Егорьевск №2:4, №1 Раменское №1:3, №4 Луховицы:3, 12 Воскресенск №2:3, 14 Электрогорск:3, 18 Подружка:2, 11 Ногинск №3:2",265,4903700,2026-03-17,122690.0
000050901,кольцо вк-2410 (Au.585),Кольца,,Золото 585,9,6,"11 Ногинск №3:3, №1 Раменское №1:2, 15 Егорьевск №2:1, №4 Луховицы:1, №5 Озёры:1, 18 Подружка:1",263,4848539,2026-07-22,98440.0
000001095,цепь нц22-022-3,Цепи,,,2,1,12 Воскресенск №2:2,260,85041,2022-12-14,1609.3
000073840,кольцо 20-019 (Ag.925),Кольца,,Серебро 925,2,2,"№1 Раменское №1:1, №4 Луховицы:1",253,101579,2025-06-23,3312.0
000051208,кольцо обр глк 0102110501-00000 (Au.585),Кольца,Обручальные,Золото 585,6,4,"№5 Озёры:2, 12 Воскресенск №2:2, 15 Егорьевск №2:1, №1 Раменское №1:1",251,3404934,2025-01-12,52480.0
000005400,цепь цпн20412040,Цепи,,,1,1,12 Воскресенск №2:1,247,3601891,2023-06-02,66960.0
000000163,цепь нц12-002,Цепи,,,2,1,№5 Озёры:2,247,2461866,2022-07-02,62400.0
000005584,кольцо кс-001,Кольца,,,1,1,№4 Луховицы:1,244,159572,2026-03-13,4180.8
000063311,цепь 1658050300 (Au.585),Цепи,,Золото 585,41,8,"12 Воскресенск №2:9, №5 Озёры:8, 11 Ногинск №3:6, 18 Подружка:5, 15 Егорьевск №2:4, 14 Электрогорск:4, №1 Раменское №1:3, №4 Луховицы:2",242,5066006,2026-09-05,98775.0
000005404,цепь цпн20412035,Цепи,,,1,1,15 Егорьевск №2:1,242,2548403,2023-12-23,43059.0
000066472,кольцо обр глк 1400008193 (Au.585),Кольца,Обручальные,Золото 585,12,5,"12 Воскресенск №2:5, №5 Озёры:3, №4 Луховицы:2, №1 Раменское №1:1, 11 Ногинск №3:1",240,3147665,2026-04-07,47744.0
000000102,цепь нц18-078-3,Цепи,,,32,7,"№1 Раменское №1:7, №4 Луховицы:5, 18 Подружка:5, 12 Воскресенск №2:5, 15 Егорьевск №2:4, №5 Озёры:3, 11 Ногинск №3:3",239,3517080,2026-07-28,113175.0
000041260,кольцо к132-245 (Au.585),Кольца,,Золото 585,1,1,11 Ногинск №3:1,239,676065,2025-12-03,5265.0
000070547,цепь 1658030020 (Au.585),Цепи,,Золото 585,8,5,"14 Электрогорск:3, 11 Ногинск №3:2, 15 Егорьевск №2:1, №1 Раменское №1:1, 18 Подружка:1",238,3078568,2026-07-23,65925.0
000003468,подвеска вп-1375 (Au.585),Подвески,,Золото 585,7,7,"15 Егорьевск №2:1, №4 Луховицы:1, №5 Озёры:1, 18 Подружка:1, 11 Ногинск №3:1, 12 Воскресенск №2:1, 14 Электрогорск:1",235,2530296,2026-08-16,65766.3
000000634,кольцо 61566а,Кольца,,,1,1,12 Воскресенск №2:1,231,194541,2024-12-08,4432.0
000104212,цепь 968090302 (Ag.925),Цепи,,Серебро 925,17,3,"17 Солнечногорск:8, №7 Егорьевск №1:6, 19 Истра:3",228,212584,2026-08-31,2180.0
000067383,цепь 1658030200 (Au.585),Цепи,,Золото 585,14,7,"№4 Луховицы:4, 12 Воскресенск №2:3, 15 Егорьевск №2:2, 14 Электрогорск:2, №1 Раменское №1:1, 18 Подружка:1, 11 Ногинск №3:1",227,3096234,2026-05-14,52875.0
000025016,кольцо обр глк 110217,Кольца,Обручальные,,3,2,"№4 Луховицы:2, №5 Озёры:1",225,2066538,2023-07-03,22750.0
000010180,браслет нб12-200 (Au.585),Браслеты,,Золото 585,73,8,"11 Ногинск №3:11, 14 Электрогорск:11, №1 Раменское №1:10, №5 Озёры:10, 15 Егорьевск №2:8, 18 Подружка:8, 12 Воскресенск №2:8, №4 Луховицы:7",222,5168281,2026-08-26,42750.0
000083766,цепь 9016050_р (Ag.925),Цепи,,Серебро 925,32,8,"12 Воскресенск №2:7, №5 Озёры:5, №4 Луховицы:4, 14 Электрогорск:4, 15 Егорьевск №2:3, №1 Раменское №1:3, 18 Подружка:3, 11 Ногинск №3:3",220,452642,2026-06-22,9744.0
000094595,браслет нб12-076 (Au.585),Браслеты,,Золото 585,57,8,"№1 Раменское №1:9, 11 Ногинск №3:9, №4 Луховицы:8, 18 Подружка:8, 14 Электрогорск:7, 12 Воскресенск №2:6, 15 Егорьевск №2:5, №5 Озёры:5",217,4883223,2026-09-04,96300.0
000000409,кольцо обр двуспл 01-3245-39,Кольца,Обручальные,,10,2,"№1 Раменское №1:5, №5 Озёры:5",215,2714524,2026-05-13,35712.0
000086359,кольцо обр глк кком-5-2 (Au.585),Кольца,Обручальные,Золото 585,104,7,"№1 Раменское №1:16, 11 Ногинск №3:16, 15 Егорьевск №2:15, №4 Луховицы:15, №5 Озёры:14, 18 Подружка:14, 12 Воскресенск №2:14",213,5427560,2026-08-23,42880.0
000012353,цепь цпн20412025,Цепи,,,1,1,18 Подружка:1,213,1234074,2024-09-23,35344.0
000063769,цепь 1658040010 (Au.585),Цепи,,Золото 585,38,8,"12 Воскресенск №2:9, №1 Раменское №1:6, №4 Луховицы:5, 11 Ногинск №3:5, 15 Егорьевск №2:4, №5 Озёры:4, 14 Электрогорск:3, 18 Подружка:2",211,3622385,2026-08-22,84952.0
000031560,кольцо обр глк 110218 (Au.585),Кольца,Обручальные,Золото 585,12,5,"№4 Луховицы:5, 15 Егорьевск №2:2, №1 Раменское №1:2, №5 Озёры:2, 18 Подружка:1",211,2665155,2025-06-01,47104.0
000003467,подвеска вп-1382 (Au.585),Подвески,,Золото 585,7,6,"15 Егорьевск №2:2, №1 Раменское №1:1, №5 Озёры:1, 18 Подружка:1, 11 Ногинск №3:1, 14 Электрогорск:1",210,3729117,2026-09-02,108450.0
000085097,цепь 9016040_р (Ag.925),Цепи,,Серебро 925,29,8,"12 Воскресенск №2:6, 15 Егорьевск №2:4, №1 Раменское №1:4, №4 Луховицы:4, 14 Электрогорск:4, 11 Ногинск №3:3, №5 Озёры:2, 18 Подружка:2",210,263114,2026-07-23,6320.0
000066469,цепь 1668045800 (Au.585),Цепи,,Золото 585,17,8,"№5 Озёры:5, №4 Луховицы:3, 15 Егорьевск №2:2, №1 Раменское №1:2, 12 Воскресенск №2:2, 18 Подружка:1, 11 Ногинск №3:1, 14 Электрогорск:1",208,7881372,2025-12-28,176625.0
000004914,подвеска вп-1404 (Au.585),Подвески,,Золото 585,10,8,"№5 Озёры:2, 11 Ногинск №3:2, 15 Егорьевск №2:1, №1 Раменское №1:1, №4 Луховицы:1, 18 Подружка:1, 12 Воскресенск №2:1, 14 Электрогорск:1",207,1328203,2026-07-26,38775.0
000081080,кольцо обр глк к-959 (Au.585),Кольца,Обручальные,Золото 585,99,8,"№4 Луховицы:15, №5 Озёры:14, 11 Ногинск №3:14, 15 Егорьевск №2:13, №1 Раменское №1:13, 14 Электрогорск:12, 18 Подружка:10, 12 Воскресенск №2:8",202,3581674,2026-09-03,36224.0
000000540,кольцо сис 62259а,Кольца,,,1,1,15 Егорьевск №2:1,200,1420617,2026-06-25,34048.0
000083781,цепь 9007050_р (Ag.925),Цепи,,Серебро 925,35,8,"11 Ногинск №3:7, 12 Воскресенск №2:7, №4 Луховицы:5, №1 Раменское №1:4, 15 Егорьевск №2:3, №5 Озёры:3, 18 Подружка:3, 14 Электрогорск:3",200,266843,2026-07-04,8384.0
000059169,кольцо обр 25-5000-0 (Ag.925),Кольца,Обручальные,Серебро 925,6,3,"№1 Раменское №1:3, 12 Воскресенск №2:2, №4 Луховицы:1",200,214699,2025-07-23,5632.0
000006604,браслет 7040200п,Браслеты,,,4,3,"12 Воскресенск №2:2, 15 Егорьевск №2:1, 11 Ногинск №3:1",199,863296,2026-02-05,24975.0
000108707,цепь 988020302 (Ag.925),Цепи,,Серебро 925,22,2,"17 Солнечногорск:17, №7 Егорьевск №1:5",198,118112,2026-03-31,1190.0
000031802,серьги вс-2257 (Au.585),Серьги,,Золото 585,20,8,"18 Подружка:4, 15 Егорьевск №2:3, №1 Раменское №1:3, №4 Луховицы:2, №5 Озёры:2, 11 Ногинск №3:2, 12 Воскресенск №2:2, 14 Электрогорск:2",196,1287771,2026-04-25,63940.0
000085089,цепь 9005040_р (Ag.925),Цепи,,Серебро 925,34,8,"№1 Раменское №1:6, 12 Воскресенск №2:6, 15 Егорьевск №2:4, №4 Луховицы:4, 18 Подружка:4, 14 Электрогорск:4, №5 Озёры:3, 11 Ногинск №3:3",193,229852,2026-08-14,6784.0
000090572,цепь нц22-078ю-3 (Ag.925),Цепи,,Серебро 925,17,6,"№4 Луховицы:4, 12 Воскресенск №2:4, 15 Егорьевск №2:3, 11 Ногинск №3:3, №1 Раменское №1:2, 18 Подружка:1",183,319872,2026-09-01,5792.0
000061240,кольцо обр глк т10001016 (Au.585),Кольца,Обручальные,Золото 585,2,2,"№1 Раменское №1:1, 18 Подружка:1",182,1119107,2026-08-27,24684.0
000009793,цепь цнн20512050,Цепи,,,9,8,"№5 Озёры:2, 15 Егорьевск №2:1, №1 Раменское №1:1, №4 Луховицы:1, 18 Подружка:1, 11 Ногинск №3:1, 12 Воскресенск №2:1, 14 Электрогорск:1",180,4094487,2026-07-26,158175.0
000085087,цепь 9016060_р (Ag.925),Цепи,,Серебро 925,29,7,"№1 Раменское №1:8, №4 Луховицы:4, №5 Озёры:4, 11 Ногинск №3:4, 12 Воскресенск №2:4, 14 Электрогорск:3, 18 Подружка:2",180,510825,2026-08-18,12368.0
000083740,цепь нц22-022ю-3 (Ag.925),Цепи,,Серебро 925,9,7,"№4 Луховицы:2, 11 Ногинск №3:2, 15 Егорьевск №2:1, №1 Раменское №1:1, №5 Озёры:1, 18 Подружка:1, 12 Воскресенск №2:1",175,129327,2026-09-01,4768.0
000001770,кольцо обр с/к 62221а,Кольца,Обручальные,,6,3,"№1 Раменское №1:4, 15 Егорьевск №2:1, 11 Ногинск №3:1",172,1526830,2025-10-02,35072.0
000000013,кольцо обр глк 14000037,Кольца,Обручальные,,1,1,№1 Раменское №1:1,171,1892932,2022-09-29,32060.0
000083777,цепь 9033060_р (Ag.925),Цепи,,Серебро 925,16,7,"11 Ногинск №3:4, 12 Воскресенск №2:4, №1 Раменское №1:2, 18 Подружка:2, 14 Электрогорск:2, №4 Луховицы:1, №5 Озёры:1",171,468504,2026-07-18,14128.0
000078454,кольцо обр глк к-958 (Au.585),Кольца,Обручальные,Золото 585,52,4,"12 Воскресенск №2:15, 15 Егорьевск №2:14, 11 Ногинск №3:12, №1 Раменское №1:11",168,4165769,2026-08-15,45696.0
000051204,кольцо обр глк 0102110339-00000 (Au.585),Кольца,Обручальные,Золото 585,8,3,"11 Ногинск №3:3, 12 Воскресенск №2:3, 18 Подружка:2",168,2745257,2026-06-14,57600.0
000067362,цепь 1658030210 (Au.585),Цепи,,Золото 585,9,7,"№1 Раменское №1:2, 14 Электрогорск:2, 15 Егорьевск №2:1, №4 Луховицы:1, №5 Озёры:1, 11 Ногинск №3:1, 12 Воскресенск №2:1",165,3026560,2026-08-18,106425.0
000083783,цепь 9007060_р (Ag.925),Цепи,,Серебро 925,23,8,"11 Ногинск №3:5, 12 Воскресенск №2:4, №1 Раменское №1:3, №4 Луховицы:3, 18 Подружка:3, 15 Егорьевск №2:2, 14 Электрогорск:2, №5 Озёры:1",165,302519,2026-07-18,10016.0
000060810,цепь 101050 (Au.585),Цепи,,Золото 585,3,3,"№1 Раменское №1:1, 18 Подружка:1, 12 Воскресенск №2:1",164,5892125,2026-06-14,324900.0
000004528,кольцо 20-027,Кольца,,,2,2,"15 Егорьевск №2:1, №4 Луховицы:1",163,55001,2026-04-30,661.2
000063492,цепь нц12-078 (Au.585),Цепи,,Золото 585,13,7,"14 Электрогорск:3, №1 Раменское №1:2, №4 Луховицы:2, 18 Подружка:2, 11 Ногинск №3:2, 15 Егорьевск №2:1, №5 Озёры:1",162,2582610,2025-06-27,52200.0
000002300,браслет (шт.) d8-9/ч3жзш (Au.585),Браслеты,,Золото 585,6,5,"11 Ногинск №3:2, 15 Егорьевск №2:1, №1 Раменское №1:1, №4 Луховицы:1, 12 Воскресенск №2:1",162,918644,2026-08-01,24640.0
000083769,цепь 9033050_р (Ag.925),Цепи,,Серебро 925,20,7,"12 Воскресенск №2:4, 15 Егорьевск №2:3, №4 Луховицы:3, 11 Ногинск №3:3, 14 Электрогорск:3, №1 Раменское №1:2, 18 Подружка:2",161,319440,2026-08-21,8480.0
000001514,кольцо обр глк гл-40-01-3-16-000,Кольца,Обручальные,,1,1,№1 Раменское №1:1,159,1949980,2022-11-12,36480.0
000004630,серьги вс-2177 (Au.585),Серьги,,Золото 585,4,4,"15 Егорьевск №2:1, №1 Раменское №1:1, №5 Озёры:1, 11 Ногинск №3:1",158,1801765,2026-07-29,64170.0
000079899,кольцо обр глк кк-5-2 (Au.585),Кольца,Обручальные,Золото 585,13,6,"11 Ногинск №3:4, 12 Воскресенск №2:3, 15 Егорьевск №2:2, №5 Озёры:2, №1 Раменское №1:1, №4 Луховицы:1",154,3061310,2026-05-17,63232.0
000001975,колье (шт.) d8-9/ч3жзш (Au.585),Колье,,Золото 585,5,3,"№1 Раменское №1:2, 18 Подружка:2, 11 Ногинск №3:1",153,1594207,2026-07-29,44290.0
000013281,цепь нц12-002 (Au.585),Цепи,,Золото 585,46,8,"№1 Раменское №1:11, №4 Луховицы:9, 11 Ногинск №3:9, №5 Озёры:6, 18 Подружка:4, 14 Электрогорск:3, 15 Егорьевск №2:2, 12 Воскресенск №2:2",152,3049738,2026-09-06,56700.0
000104197,цепь 968030404 (Ag.925),Цепи,,Серебро 925,31,3,"№7 Егорьевск №1:18, 17 Солнечногорск:11, 19 Истра:2",151,140506,2026-08-21,1980.0
000058939,браслет 106060 (Au.585),Браслеты,,Золото 585,4,3,"№4 Луховицы:2, №5 Озёры:1, 12 Воскресенск №2:1",150,5095144,2026-08-29,205425.0
000080003,кольцо обр ко-004р (Ag.925),Кольца,Обручальные,Серебро 925,7,6,"№5 Озёры:2, 15 Егорьевск №2:1, №1 Раменское №1:1, №4 Луховицы:1, 12 Воскресенск №2:1, 14 Электрогорск:1",149,106541,2025-06-14,2624.0
000002879,кольцо обр 94110001 (Ag.925),Кольца,Обручальные,Серебро 925,1,1,14 Электрогорск:1,149,63914,2024-05-15,2990.0
000003127,цепь ба816,Цепи,,,1,1,15 Егорьевск №2:1,148,323171,2024-05-18,4168.5
000083779,цепь 9022060_р (Ag.925),Цепи,,Серебро 925,5,4,"11 Ногинск №3:2, №5 Озёры:1, 18 Подружка:1, 14 Электрогорск:1",148,198429,2026-04-29,7312.0
000065311,цепь нц22-078-3 (Ag.925),Цепи,,Серебро 925,2,2,"11 Ногинск №3:1, 12 Воскресенск №2:1",145,179658,2026-01-11,7056.0
000064371,цепь 9016050 (Ag.925),Цепи,,Серебро 925,4,4,"15 Егорьевск №2:1, №1 Раменское №1:1, 18 Подружка:1, 12 Воскресенск №2:1",144,183178,2025-08-10,10544.0
000073841,кольцо 20-027 (Ag.925),Кольца,,Серебро 925,9,3,"15 Егорьевск №2:4, 12 Воскресенск №2:3, №4 Луховицы:2",143,71136,2026-06-07,4464.0
000001974,колье (шт.) d8-9/ч5жзш (Au.585),Колье,,Золото 585,10,7,"12 Воскресенск №2:3, 15 Егорьевск №2:2, №1 Раменское №1:1, №4 Луховицы:1, №5 Озёры:1, 11 Ногинск №3:1, 14 Электрогорск:1",142,1359565,2026-06-10,22790.0
000050916,серьги вс-2215 (Au.585),Серьги,,Золото 585,6,5,"12 Воскресенск №2:2, 15 Егорьевск №2:1, №1 Раменское №1:1, №4 Луховицы:1, 14 Электрогорск:1",142,1279651,2026-08-31,36195.8
000063777,цепь 1658050020 (Au.585),Цепи,,Золото 585,10,5,"12 Воскресенск №2:3, №1 Раменское №1:2, 11 Ногинск №3:2, 14 Электрогорск:2, 15 Егорьевск №2:1",141,4721240,2026-03-22,133650.0
000060985,кольцо обр глк 0102110502-00000 (Au.585),Кольца,Обручальные,Золото 585,4,3,"11 Ногинск №3:2, №1 Раменское №1:1, 12 Воскресенск №2:1",141,2374976,2024-10-11,43659.0
000106580,цепь нц22-076ю-3 (Ag.925),Цепи,,Серебро 925,41,8,"№1 Раменское №1:10, 11 Ногинск №3:9, №4 Луховицы:7, 14 Электрогорск:7, 15 Егорьевск №2:3, 18 Подружка:2, 12 Воскресенск №2:2, №5 Озёры:1",141,518147,2026-08-12,16816.0
000079915,кольцо обр глк 1400008196 (Au.585),Кольца,Обручальные,Золото 585,85,7,"18 Подружка:17, №4 Луховицы:13, №5 Озёры:13, 15 Егорьевск №2:12, 12 Воскресенск №2:11, 11 Ногинск №3:10, №1 Раменское №1:9",140,3247212,2026-09-03,52992.0
000002298,колье (шт.) d8-9/з (Au.585),Колье,,Золото 585,13,7,"№5 Озёры:3, 11 Ногинск №3:3, №4 Луховицы:2, 12 Воскресенск №2:2, №1 Раменское №1:1, 18 Подружка:1, 14 Электрогорск:1",139,1000881,2026-07-21,32990.0
000083765,цепь 9005050_р (Ag.925),Цепи,,Серебро 925,27,8,"№4 Луховицы:6, №1 Раменское №1:5, №5 Озёры:5, 12 Воскресенск №2:4, 14 Электрогорск:3, 15 Егорьевск №2:2, 18 Подружка:1, 11 Ногинск №3:1",139,278632,2026-09-05,11680.0
000064400,цепь 9033040 (Ag.925),Цепи,,Серебро 925,1,1,11 Ногинск №3:1,138,110536,2026-05-02,5520.0
000077961,серьги вс-2527 (Au.585),Серьги,,Золото 585,2,2,"15 Егорьевск №2:1, 11 Ногинск №3:1",137,4095763,2026-08-31,131098.0
000022288,кольцо обр двуспл 110116,Кольца,Обручальные,,1,1,№1 Раменское №1:1,137,1432532,2025-07-05,36608.0
000042368,серьги 0042с-001 (Ag.925),Серьги,,Серебро 925,2,2,"11 Ногинск №3:1, 12 Воскресенск №2:1",137,317496,2025-12-31,8597.4
000083786,цепь 9033040_р (Ag.925),Цепи,,Серебро 925,24,7,"18 Подружка:6, 14 Электрогорск:6, №1 Раменское №1:4, 12 Воскресенск №2:3, 15 Егорьевск №2:2, 11 Ногинск №3:2, №5 Озёры:1",135,169822,2026-09-01,6192.0
000006741,цепь НЦ 12-028 (Au.585),Цепи,,Золото 585,4,4,"№4 Луховицы:1, №5 Озёры:1, 11 Ногинск №3:1, 12 Воскресенск №2:1",134,2101342,2026-02-15,101925.0
000001976,браслет (шт.) d8-9/ч1жзш (Au.585),Браслеты,,Золото 585,2,2,"№1 Раменское №1:1, 18 Подружка:1",134,1112972,2026-07-21,37490.0
000000345,браслет 101070,Браслеты,,,2,2,"18 Подружка:1, 11 Ногинск №3:1",133,3015510,2024-04-13,116560.0
000062491,цепь 101060 (Au.585),Цепи,,Золото 585,2,2,"15 Егорьевск №2:1, 14 Электрогорск:1",132,7425206,2026-07-13,363375.0
000004629,кольцо вк-2177 (Au.585),Кольца,,Золото 585,13,6,"11 Ногинск №3:3, 15 Егорьевск №2:2, №1 Раменское №1:2, №4 Луховицы:2, №5 Озёры:2, 14 Электрогорск:2",132,1182894,2026-07-29,51290.0
000061248,кольцо обр глк т10001012 (Au.585),Кольца,Обручальные,Золото 585,4,4,"№1 Раменское №1:1, 18 Подружка:1, 11 Ногинск №3:1, 14 Электрогорск:1",132,686487,2026-06-28,28606.8
000104201,цепь 968040302 (Ag.925),Цепи,,Серебро 925,24,3,"17 Солнечногорск:15, 19 Истра:7, №7 Егорьевск №1:2",131,129088,2026-08-30,1980.0
000085128,цепь 9007040_р (Ag.925),Цепи,,Серебро 925,26,8,"№4 Луховицы:5, 11 Ногинск №3:5, 12 Воскресенск №2:4, №1 Раменское №1:3, №5 Озёры:3, 14 Электрогорск:3, 15 Егорьевск №2:2, 18 Подружка:1",129,119882,2026-07-15,3168.0
000057676,цепь 106045 (Au.585),Цепи,,Золото 585,1,1,14 Электрогорск:1,128,6274369,2026-03-23,331650.0
000012344,кольцо сис 11000105,Кольца,,,63,5,"№1 Раменское №1:14, №5 Озёры:14, 11 Ногинск №3:13, 12 Воскресенск №2:12, №4 Луховицы:10",127,1887795,2026-09-05,34432.0
000077214,цепь 1658025120 (Au.585),Цепи,,Золото 585,1,1,№5 Озёры:1,127,1342023,2026-07-18,42975.0
000077962,кольцо вк-2527 (Au.585),Кольца,,Золото 585,4,4,"15 Егорьевск №2:1, №1 Раменское №1:1, №5 Озёры:1, 12 Воскресенск №2:1",125,2789245,2026-08-31,95280.6
000070546,цепь а/г ч/н (Ag.925),Цепи,,Серебро 925,9,6,"15 Егорьевск №2:2, №1 Раменское №1:2, 11 Ногинск №3:2, 18 Подружка:1, 12 Воскресенск №2:1, 14 Электрогорск:1",125,683942,2026-03-15,38000.0
000073842,кольцо 20-041 (Ag.925),Кольца,,Серебро 925,7,3,"15 Егорьевск №2:4, 12 Воскресенск №2:2, 14 Электрогорск:1",125,71539,2025-01-16,5376.0
000057677,браслет 106045 (Au.585),Браслеты,,Золото 585,1,1,№4 Луховицы:1,123,2356361,2024-12-21,123975.0
000085157,цепь 9022050_р (Ag.925),Цепи,,Серебро 925,9,6,"№4 Луховицы:3, 12 Воскресенск №2:2, №1 Раменское №1:1, №5 Озёры:1, 18 Подружка:1, 14 Электрогорск:1",122,116049,2026-06-30,5248.0
000080004,кольцо обр ко-005 (Ag.925),Кольца,Обручальные,Серебро 925,5,3,"№4 Луховицы:3, 15 Егорьевск №2:1, №1 Раменское №1:1",122,95838,2024-07-14,2536.5
000098688,цепь 96-180-03030-1 (Ag.925),Цепи,,Серебро 925,44,4,"№4 Луховицы:17, 12 Воскресенск №2:12, №5 Озёры:8, 18 Подружка:7",122,47911,2026-06-17,450.0
000097041,цепь 3657030340 (Ag.925),Цепи,,Серебро 925,66,8,"11 Ногинск №3:15, 12 Воскресенск №2:13, 15 Егорьевск №2:8, №1 Раменское №1:8, №5 Озёры:8, 18 Подружка:6, №4 Луховицы:5, 14 Электрогорск:3",122,41415,2026-05-25,1856.0
000083742,цепь нц22-100ю-3 (Ag.925),Цепи,,Серебро 925,9,6,"№1 Раменское №1:3, 12 Воскресенск №2:2, 15 Егорьевск №2:1, №5 Озёры:1, 11 Ногинск №3:1, 14 Электрогорск:1",121,463683,2026-09-06,17552.0
000097055,цепь 3659025120 (Ag.925),Цепи,,Серебро 925,99,8,"11 Ногинск №3:47, 18 Подружка:18, №1 Раменское №1:9, 12 Воскресенск №2:7, 15 Егорьевск №2:6, №5 Озёры:5, 14 Электрогорск:5, №4 Луховицы:2",121,61087,2026-06-24,2320.0
000001292,кольцо обр двуспл 62273,Кольца,Обручальные,,1,1,№5 Озёры:1,120,1081615,2025-03-17,36352.0
000002896,цепь нц22-087-3,Цепи,,,1,1,15 Егорьевск №2:1,120,99377,2022-10-09,2637.2
000085092,цепь 9005030_р (Ag.925),Цепи,,Серебро 925,20,8,"№4 Луховицы:5, 15 Егорьевск №2:4, №5 Озёры:3, 18 Подружка:2, 11 Ногинск №3:2, 14 Электрогорск:2, №1 Раменское №1:1, 12 Воскресенск №2:1",120,83527,2026-08-26,3568.0
000031770,серьги вс-2178ч/б (Au.585),Серьги,,Золото 585,7,7,"15 Егорьевск №2:1, №1 Раменское №1:1, №4 Луховицы:1, №5 Озёры:1, 11 Ногинск №3:1, 12 Воскресенск №2:1, 14 Электрогорск:1",119,1669942,2026-06-08,83490.0
000006001,цепь цпн10112035,Цепи,,,1,1,12 Воскресенск №2:1,119,829351,2021-09-08,19230.4
000107320,цепь 988030304 (Ag.925),Цепи,,Серебро 925,33,2,"17 Солнечногорск:22, №7 Егорьевск №1:11",119,72381,2026-03-07,2890.0
000063780,цепь 1658050200 (Au.585),Цепи,,Золото 585,13,6,"№4 Луховицы:4, 11 Ногинск №3:3, 15 Егорьевск №2:2, 14 Электрогорск:2, №1 Раменское №1:1, 18 Подружка:1",118,3998318,2026-01-18,139275.0
000064408,цепь 9007050 (Ag.925),Цепи,,Серебро 925,2,2,"№1 Раменское №1:1, 18 Подружка:1",117,104728,2025-12-31,6256.0
000085156,цепь 9022040_р (Ag.925),Цепи,,Серебро 925,13,7,"№1 Раменское №1:3, №4 Луховицы:2, №5 Озёры:2, 11 Ногинск №3:2, 12 Воскресенск №2:2, 15 Егорьевск №2:1, 14 Электрогорск:1",117,70418,2025-10-25,2688.0
000092139,кольцо обр глк 11000006 (Au.585),Кольца,Обручальные,Золото 585,65,5,"№1 Раменское №1:19, 11 Ногинск №3:15, №5 Озёры:14, №4 Луховицы:9, 12 Воскресенск №2:8",115,2441109,2026-06-16,40832.0
000006862,подвеска т13096067,Подвески,,,3,2,"18 Подружка:2, №1 Раменское №1:1",115,348718,2025-08-10,23936.7
000064365,цепь 9033050 (Ag.925),Цепи,,Серебро 925,2,2,"№1 Раменское №1:1, 18 Подружка:1",115,160605,2026-01-07,12464.0
000000364,браслет 7080154п,Браслеты,,,3,3,"№4 Луховицы:1, 11 Ногинск №3:1, 14 Электрогорск:1",113,1110038,2026-09-06,59630.0
000005998,цепь цлв10512030,Цепи,,,6,5,"11 Ногинск №3:2, 15 Егорьевск №2:1, №1 Раменское №1:1, №4 Луховицы:1, 14 Электрогорск:1",112,843414,2024-08-06,27240.0
000095166,цепь нц22-205ю-3 (Ag.925),Цепи,,Серебро 925,43,8,"12 Воскресенск №2:7, №1 Раменское №1:6, №4 Луховицы:6, №5 Озёры:6, 14 Электрогорск:6, 11 Ногинск №3:5, 18 Подружка:4, 15 Егорьевск №2:3",112,496253,2026-09-06,13136.0
000085403,браслет 61207 (Ag.925),Браслеты,,Серебро 925,15,7,"№1 Раменское №1:4, 12 Воскресенск №2:3, №4 Луховицы:2, №5 Озёры:2, 11 Ногинск №3:2, 15 Егорьевск №2:1, 14 Электрогорск:1",112,352493,2026-08-04,16000.0
000087288,цепь 9009045_р (Ag.925),Цепи,,Серебро 925,11,5,"№4 Луховицы:4, 12 Воскресенск №2:3, №5 Озёры:2, 18 Подружка:1, 14 Электрогорск:1",112,180539,2026-08-11,8805.0
000000165,цепь нц12-014,Цепи,,,2,2,"15 Егорьевск №2:1, №1 Раменское №1:1",111,1058732,2024-09-03,49200.0
000064363,цепь 9005040 (Ag.925),Цепи,,Серебро 925,1,1,12 Воскресенск №2:1,111,82530,2024-09-19,3999.5
000090019,кольцо обр глк кком-766 (Au.585),Кольца,Обручальные,Золото 585,65,4,"12 Воскресенск №2:18, 15 Егорьевск №2:16, №1 Раменское №1:16, 11 Ногинск №3:15",110,3669224,2026-08-20,59136.0
000031804,кольцо вк-2178ч/б (Au.585),Кольца,,Золото 585,15,8,"18 Подружка:3, 15 Егорьевск №2:2, №1 Раменское №1:2, 11 Ногинск №3:2, 12 Воскресенск №2:2, 14 Электрогорск:2, №4 Луховицы:1, №5 Озёры:1",110,1641198,2026-08-13,76590.0
000064366,цепь 9007060 (Ag.925),Цепи,,Серебро 925,1,1,12 Воскресенск №2:1,110,143594,2025-01-06,8880.0
000002269,браслет нб22-200-3,Браслеты,,,2,2,"№1 Раменское №1:1, 12 Воскресенск №2:1",110,119148,2025-09-06,6976.8
000082342,цепь 9032070 (Ag.925),Цепи,,Серебро 925,20,8,"12 Воскресенск №2:6, №5 Озёры:4, 14 Электрогорск:3, №1 Раменское №1:2, №4 Луховицы:2, 15 Егорьевск №2:1, 18 Подружка:1, 11 Ногинск №3:1",108,197696,2026-04-23,11376.0
000067698,кольцо обр 1-008шр (Ag.925),Кольца,Обручальные,Серебро 925,11,5,"№4 Луховицы:4, №1 Раменское №1:3, 14 Электрогорск:2, 15 Егорьевск №2:1, 11 Ногинск №3:1",108,63258,2023-03-15,846.0
000042504,кольцо вк-2386ч/б (Au.585),Кольца,,Золото 585,9,7,"№1 Раменское №1:2, 12 Воскресенск №2:2, 15 Егорьевск №2:1, №4 Луховицы:1, №5 Озёры:1, 11 Ногинск №3:1, 14 Электрогорск:1",107,1573203,2025-12-20,66010.0
000003074,браслет 91041020,Браслеты,,,2,2,"№5 Озёры:1, 14 Электрогорск:1",107,1430933,2024-08-03,48240.0
000003125,цепь ба817,Цепи,,,1,1,15 Егорьевск №2:1,107,345216,2021-01-02,7484.4
000009971,цепь 120453821,Цепи,,,20,8,"11 Ногинск №3:5, 15 Егорьевск №2:3, 18 Подружка:3, 14 Электрогорск:3, №4 Луховицы:2, 12 Воскресенск №2:2, №1 Раменское №1:1, №5 Озёры:1",106,3689997,2026-08-20,220950.0
000087289,цепь 9015030_р (Ag.925),Цепи,,Серебро 925,7,5,"№4 Луховицы:2, 12 Воскресенск №2:2, 15 Егорьевск №2:1, №1 Раменское №1:1, 11 Ногинск №3:1",106,116539,2026-08-28,5376.0
000104232,цепь 988020402 (Ag.925),Цепи,,Серебро 925,24,3,"17 Солнечногорск:13, №7 Егорьевск №1:9, 19 Истра:2",106,98544,2026-08-27,1980.0
000063781,цепь 1658030010 (Au.585),Цепи,,Золото 585,31,8,"15 Егорьевск №2:6, №4 Луховицы:6, 12 Воскресенск №2:5, №5 Озёры:4, №1 Раменское №1:3, 18 Подружка:3, 14 Электрогорск:3, 11 Ногинск №3:1",105,1124125,2026-08-28,48150.0
000087285,цепь 9016070_р (Ag.925),Цепи,,Серебро 925,23,8,"№4 Луховицы:4, №5 Озёры:4, 15 Егорьевск №2:3, 12 Воскресенск №2:3, 14 Электрогорск:3, №1 Раменское №1:2, 18 Подружка:2, 11 Ногинск №3:2",105,411569,2026-08-11,24240.0
000042507,кольцо вк-2386 (Au.585),Кольца,,Золото 585,5,5,"15 Егорьевск №2:1, №1 Раменское №1:1, 11 Ногинск №3:1, 12 Воскресенск №2:1, 14 Электрогорск:1",104,1601522,2026-04-30,85747.5
000079913,кольцо обр глк 1406108177 (Au.585),Кольца,Обручальные,Золото 585,19,5,"№1 Раменское №1:8, 11 Ногинск №3:8, 15 Егорьевск №2:1, №5 Озёры:1, 18 Подружка:1",104,1208220,2026-03-15,37248.0
000085405,браслет 61208 (Ag.925),Браслеты,,Серебро 925,10,6,"№1 Раменское №1:2, №4 Луховицы:2, 12 Воскресенск №2:2, 14 Электрогорск:2, №5 Озёры:1, 18 Подружка:1",104,399605,2025-07-12,18000.0
000002373,цепь 303551,Цепи,,,1,1,12 Воскресенск №2:1,103,1190916,2021-06-06,23755.2
000002270,браслет нб22-002-3,Браслеты,,,2,1,12 Воскресенск №2:2,103,167199,2026-08-29,30750.0
000117554,комплект SOKOLOV-SURPRISE-GZHEL (Ag.925),Комплекты,,Серебро 925,41,2,"17 Солнечногорск:25, 19 Истра:16",103,100015,2026-08-31,1980.0
000002062,кольцо обр др/к (шт.) 1121807 (Au.585),Кольца,Обручальные,Золото 585,7,1,№1 Раменское №1:7,102,3034745,2025-12-30,202300.0
000000157,цепь нц12-046,Цепи,,,1,1,12 Воскресенск №2:1,102,1241243,2024-02-06,65379.0
000051296,кольцо вкс-2386 (Ag.925),Кольца,,Серебро 925,2,2,"15 Егорьевск №2:1, №5 Озёры:1",102,102388,2026-01-07,4224.0
000062603,браслет 101060 (Au.585),Браслеты,,Золото 585,13,6,"№1 Раменское №1:3, 11 Ногинск №3:3, №4 Луховицы:2, 18 Подружка:2, 12 Воскресенск №2:2, 15 Егорьевск №2:1",101,2359823,2026-08-14,145350.0
000064402,цепь 9026030_р (Ag.925),Цепи,,Серебро 925,18,8,"14 Электрогорск:4, 15 Егорьевск №2:3, №5 Озёры:3, №1 Раменское №1:2, №4 Луховицы:2, 11 Ногинск №3:2, 18 Подружка:1, 12 Воскресенск №2:1",101,116220,2026-06-16,4400.0
000063768,цепь 1658050010 (Au.585),Цепи,,Золото 585,27,8,"№5 Озёры:5, 15 Егорьевск №2:4, №4 Луховицы:4, 11 Ногинск №3:4, №1 Раменское №1:3, 18 Подружка:3, 12 Воскресенск №2:3, 14 Электрогорск:1",100,2977467,2026-06-27,123525.0
000012437,подвеска т13096042,Подвески,,,4,4,"15 Егорьевск №2:1, №1 Раменское №1:1, №5 Озёры:1, 11 Ногинск №3:1",100,353381,2023-01-23,8800.0
000000014,кольцо обр глк 14000035,Кольца,Обручальные,,2,2,"№1 Раменское №1:1, 12 Воскресенск №2:1",99,447873,2022-12-13,13440.0
000095678,колье гш-1 (Ag.925),Колье,,Серебро 925,19,5,"№1 Раменское №1:7, 11 Ногинск №3:4, 15 Егорьевск №2:3, 18 Подружка:3, 14 Электрогорск:2",98,60775,2026-08-07,1170.0
000060817,кольцо обр с1-230р200 (Ag.925),Кольца,Обручальные,Серебро 925,3,1,15 Егорьевск №2:3,97,103060,2025-02-12,2805.0
000091115,цепь нц18-053-3 (Au.585),Цепи,,Золото 585,15,4,"№5 Озёры:6, №4 Луховицы:4, 12 Воскресенск №2:4, 11 Ногинск №3:1",96,1738364,2026-08-31,65025.0
000081792,цепь 9007070 (Ag.925),Цепи,,Серебро 925,15,8,"№1 Раменское №1:3, №4 Луховицы:3, №5 Озёры:2, 12 Воскресенск №2:2, 14 Электрогорск:2, 15 Егорьевск №2:1, 18 Подружка:1, 11 Ногинск №3:1",96,246293,2026-06-24,12768.0
000079921,колье 73-000 (Ag.925),Колье,,Серебро 925,3,3,"15 Егорьевск №2:1, №1 Раменское №1:1, 12 Воскресенск №2:1",96,59856,2026-04-05,1431.0
000064406,цепь 9016030 (Ag.925),Цепи,,Серебро 925,3,2,"№1 Раменское №1:2, 14 Электрогорск:1",96,38270,2024-04-03,1104.0
000080491,кольцо 20-012 (Ag.925),Кольца,,Серебро 925,4,3,"№1 Раменское №1:2, 15 Егорьевск №2:1, №4 Луховицы:1",96,35848,2025-06-28,3264.0
000003466,подвеска вп-1291 (Au.585),Подвески,,Золото 585,3,3,"№4 Луховицы:1, №5 Озёры:1, 11 Ногинск №3:1",95,3773996,2026-07-01,238661.4
000042502,серьги вс-2386ч/б (Au.585),Серьги,,Золото 585,4,4,"15 Егорьевск №2:1, №1 Раменское №1:1, 11 Ногинск №3:1, 12 Воскресенск №2:1",95,2087772,2026-03-07,122590.0
000001516,кольцо обр глк гл-50-01-3-16-000,Кольца,Обручальные,,1,1,15 Егорьевск №2:1,95,1402574,2021-01-04,31927.5
000063312,цепь 1658030300 (Au.585),Цепи,,Золото 585,21,7,"№4 Луховицы:4, 18 Подружка:4, 12 Воскресенск №2:4, №1 Раменское №1:3, 11 Ногинск №3:3, №5 Озёры:2, 15 Егорьевск №2:1",95,816547,2026-08-11,36225.0
000064373,цепь 9016060 (Ag.925),Цепи,,Серебро 925,2,1,№5 Озёры:2,95,158284,2023-04-28,3081.8
000083770,цепь 9033030_р (Ag.925),Цепи,,Серебро 925,18,7,"№1 Раменское №1:4, №5 Озёры:4, 11 Ногинск №3:3, 12 Воскресенск №2:3, 14 Электрогорск:2, 15 Егорьевск №2:1, №4 Луховицы:1",95,67478,2026-07-18,3216.0
000081803,цепь 52105 (Au.585),Цепи,,Золото 585,1,1,№4 Луховицы:1,93,4068421,2024-02-03,110640.0
000001876,подвеска 030733 (Au.585),Подвески,,Золото 585,2,1,18 Подружка:2,93,267427,2025-06-26,16835.0
000051297,серьги всс-2386 (Ag.925),Серьги,,Серебро 925,1,1,№5 Озёры:1,93,156872,2024-09-19,8100.0
000077293,кольцо обр двуспл к-750 (Au.585),Кольца,Обручальные,Золото 585,17,3,"№4 Луховицы:8, 11 Ногинск №3:5, №1 Раменское №1:4",92,1910793,2026-08-15,64896.0
000060799,цепь нц18-078-3 (Au.585),Цепи,,Золото 585,2,2,"18 Подружка:1, 11 Ногинск №3:1",92,1391673,2026-07-05,78300.0
000083771,цепь 9016030_р (Ag.925),Цепи,,Серебро 925,18,7,"№4 Луховицы:4, 15 Егорьевск №2:3, 11 Ногинск №3:3, 12 Воскресенск №2:3, №1 Раменское №1:2, №5 Озёры:2, 14 Электрогорск:1",92,58358,2026-07-13,3408.0
000000284,браслет нб12-200,Браслеты,,,2,1,12 Воскресенск №2:2,91,1554619,2023-07-23,101928.0
000000164,браслет нб12-100,Браслеты,,,8,4,"15 Егорьевск №2:3, №5 Озёры:2, 12 Воскресенск №2:2, №1 Раменское №1:1",91,1073092,2026-08-12,74700.0
000002302,браслет (шт.) d8-9/з (Au.585),Браслеты,,Золото 585,19,6,"№5 Озёры:4, 15 Егорьевск №2:3, №4 Луховицы:3, 18 Подружка:3, 12 Воскресенск №2:3, 14 Электрогорск:3",91,392259,2026-08-30,18320.0
000057037,кольцо обр двуспл к-500 (Au.585),Кольца,Обручальные,Золото 585,31,3,"№4 Луховицы:12, 11 Ногинск №3:10, №1 Раменское №1:9",90,2287443,2026-08-26,69760.0
000006736,цепь 110305001,Цепи,,,3,3,"15 Егорьевск №2:1, 11 Ногинск №3:1, 14 Электрогорск:1",90,668380,2026-08-30,62325.0
000000375,подвеска т13096150,Подвески,,,1,1,11 Ногинск №3:1,90,357976,2025-08-07,34429.5
000087115,браслет нб22-080ю-3 (Ag.925),Браслеты,,Серебро 925,14,5,"№4 Луховицы:4, 12 Воскресенск №2:4, №5 Озёры:3, №1 Раменское №1:2, 15 Егорьевск №2:1",90,122389,2026-03-17,6976.0
000064401,цепь 9005050 (Ag.925),Цепи,,Серебро 925,4,4,"15 Егорьевск №2:1, №5 Озёры:1, 18 Подружка:1, 12 Воскресенск №2:1",90,109680,2026-07-22,6736.0
000104234,цепь 988500402 (Ag.925),Цепи,,Серебро 925,22,2,"№7 Егорьевск №1:12, 17 Солнечногорск:10",90,78289,2026-08-22,2580.0
000104225,цепь 968500302 (Ag.925),Цепи,,Серебро 925,27,1,17 Солнечногорск:27,90,58902,2026-08-19,1380.0
000000380,браслет 101080,Браслеты,,,1,1,11 Ногинск №3:1,89,2655579,2024-09-27,224472.0
000085939,браслет нб22-1086аю-3 (Ag.925),Браслеты,,Серебро 925,16,8,"11 Ногинск №3:4, 15 Егорьевск №2:2, №4 Луховицы:2, №5 Озёры:2, 12 Воскресенск №2:2, 14 Электрогорск:2, №1 Раменское №1:1, 18 Подружка:1",89,515113,2026-08-29,20818.4
000003106,подвеска т13096662,Подвески,,,3,3,"15 Егорьевск №2:1, 11 Ногинск №3:1, 14 Электрогорск:1",89,316853,2025-09-05,30494.7
000013280,цепь нц12-053 (Au.585),Цепи,,Золото 585,6,4,"12 Воскресенск №2:3, №4 Луховицы:1, №5 Озёры:1, 11 Ногинск №3:1",88,1009775,2024-10-18,28576.0
000002261,кольцо обр глк гл-50-01-2-09-000,Кольца,Обручальные,,1,1,№1 Раменское №1:1,88,672715,2020-06-29,10644.5
000005799,кольцо обр двуспл 110156,Кольца,Обручальные,,3,2,"15 Егорьевск №2:2, №1 Раменское №1:1",87,587593,2024-06-12,21681.0
000005798,кольцо обр глк 110062,Кольца,Обручальные,,1,1,11 Ногинск №3:1,86,442856,2022-06-22,15050.0
000085937,цепь 9065040_р (Ag.925),Цепи,,Серебро 925,3,2,"12 Воскресенск №2:2, 18 Подружка:1",86,142684,2026-08-24,9152.0
000087109,браслет нб22-354ю-3 (Ag.925),Браслеты,,Серебро 925,3,2,"№4 Луховицы:2, 12 Воскресенск №2:1",86,83038,2026-06-15,3584.0
000000311,браслет 101060,Браслеты,,,1,1,15 Егорьевск №2:1,85,1291874,2024-05-09,72600.0
000065300,браслет нб22-100-3 (Ag.925),Браслеты,,Серебро 925,1,1,15 Егорьевск №2:1,85,104062,2022-04-26,2209.9
000063759,цепь 1658040490 (Au.585),Цепи,,Золото 585,3,2,"№4 Луховицы:2, 15 Егорьевск №2:1",84,1892007,2024-12-08,125550.0
000090031,цепь 9033070_р (Ag.925),Цепи,,Серебро 925,9,7,"№4 Луховицы:2, 18 Подружка:2, 15 Егорьевск №2:1, №1 Раменское №1:1, №5 Озёры:1, 12 Воскресенск №2:1, 14 Электрогорск:1",84,304809,2026-09-02,19712.0
000087113,браслет нб22-352ю-3 (Ag.925),Браслеты,,Серебро 925,15,7,"№4 Луховицы:4, №5 Озёры:3, 15 Егорьевск №2:2, 11 Ногинск №3:2, 12 Воскресенск №2:2, №1 Раменское №1:1, 18 Подружка:1",84,141887,2026-08-03,6288.0
000000562,кольцо сис 61566а,Кольца,,,5,3,"№1 Раменское №1:2, №5 Озёры:2, 11 Ногинск №3:1",83,1036690,2025-06-06,42752.0
000063758,цепь 1658030490 (Au.585),Цепи,,Золото 585,3,3,"№5 Озёры:1, 12 Воскресенск №2:1, 14 Электрогорск:1",83,1021490,2026-07-08,20774.0
000084088,цепь 51206 (Ag.925),Цепи,,Серебро 925,8,6,"15 Егорьевск №2:2, 12 Воскресенск №2:2, №1 Раменское №1:1, №4 Луховицы:1, №5 Озёры:1, 14 Электрогорск:1",83,461055,2025-02-05,33408.0
000056474,подвеска вп-1443 (Au.585),Подвески,,Золото 585,3,3,"№4 Луховицы:1, 11 Ногинск №3:1, 14 Электрогорск:1",83,355562,2026-05-15,24878.7
000070490,цепь 101040 (Au.585),Цепи,,Золото 585,5,4,"14 Электрогорск:2, №4 Луховицы:1, 18 Подружка:1, 11 Ногинск №3:1",82,2699906,2025-09-20,147375.0
000010064,браслет 7080155п,Браслеты,,,2,2,"№5 Озёры:1, 12 Воскресенск №2:1",82,874766,2024-02-04,39120.0
000002299,браслет (шт.) d8-9/ч5жзш (Au.585),Браслеты,,Золото 585,4,4,"15 Егорьевск №2:1, №1 Раменское №1:1, №5 Озёры:1, 11 Ногинск №3:1",82,410039,2026-04-22,13330.0
000058619,цепь нц12-002 (Au.585),Цепи,,Золото 585,1,1,15 Егорьевск №2:1,81,843040,2025-09-26,33525.0
000087121,браслет нб22-083ю-3 (Ag.925),Браслеты,,Серебро 925,7,5,"№4 Луховицы:2, №5 Озёры:2, 18 Подружка:1, 11 Ногинск №3:1, 12 Воскресенск №2:1",81,71462,2026-08-10,4176.0
000100739,цепь бгр50 (Ag.925),Цепи,,Серебро 925,7,4,"№4 Луховицы:2, 11 Ногинск №3:2, 12 Воскресенск №2:2, 15 Егорьевск №2:1",80,361128,2026-04-29,17360.0
000001201,подвеска вп-1115 (Au.585),Подвески,,Золото 585,6,5,"№1 Раменское №1:2, 15 Егорьевск №2:1, №5 Озёры:1, 18 Подружка:1, 11 Ногинск №3:1",80,258686,2026-06-11,16875.0
000080933,цепь 9033070 (Ag.925),Цепи,,Серебро 925,1,1,11 Ногинск №3:1,80,257855,2026-04-10,23504.0
000065553,кольцо к-085 (Ag.925),Кольца,,Серебро 925,7,3,"15 Егорьевск №2:4, №4 Луховицы:2, 11 Ногинск №3:1",80,62619,2024-08-01,1267.2
000009970,цепь 120503821,Цепи,,,17,8,"11 Ногинск №3:5, №1 Раменское №1:3, 15 Егорьевск №2:2, №4 Луховицы:2, 18 Подружка:2, №5 Озёры:1, 12 Воскресенск №2:1, 14 Электрогорск:1",79,3764736,2026-09-01,240975.0
000000286,цепь 8050155п,Цепи,,,2,2,"18 Подружка:1, 12 Воскресенск №2:1",79,819610,2022-09-13,29667.0
000024487,кольцо обр 1-007шр,Кольца,Обручальные,,2,1,№1 Раменское №1:2,79,35955,2025-09-09,3328.0
000068765,серьги нс12-073 (Au.585),Серьги,,Золото 585,6,6,"15 Егорьевск №2:1, №1 Раменское №1:1, 18 Подружка:1, 11 Ногинск №3:1, 12 Воскресенск №2:1, 14 Электрогорск:1",78,1436012,2026-05-24,113599.8
000100740,цепь бгр60 (Ag.925),Цепи,,Серебро 925,11,7,"15 Егорьевск №2:2, №1 Раменское №1:2, №4 Луховицы:2, 18 Подружка:2, 11 Ногинск №3:1, 12 Воскресенск №2:1, 14 Электрогорск:1",78,513210,2026-05-28,25120.0
000042509,серьги вс-2386 (Au.585),Серьги,,Золото 585,1,1,12 Воскресенск №2:1,77,1801221,2026-03-20,138842.1
000004916,подвеска вп-1117 (Au.585),Подвески,,Золото 585,7,7,"15 Егорьевск №2:1, №1 Раменское №1:1, №4 Луховицы:1, 18 Подружка:1, 11 Ногинск №3:1, 12 Воскресенск №2:1, 14 Электрогорск:1",77,351761,2026-08-13,22500.0
000050426,браслет ба8012 (Ag.925),Браслеты,,Серебро 925,1,1,14 Электрогорск:1,77,293912,2024-11-12,7511.0
000054727,подвеска впс-1382 (Ag.925),Подвески,,Серебро 925,4,4,"№4 Луховицы:1, №5 Озёры:1, 11 Ногинск №3:1, 12 Воскресенск №2:1",77,135398,2024-10-28,6793.6
000031803,серьги вс-2319 (Au.585),Серьги,,Золото 585,2,2,"№4 Луховицы:1, 11 Ногинск №3:1",76,888554,2025-12-16,74750.0
000090017,кольцо обр кл-023 (Ag.925),Кольца,Обручальные,Серебро 925,37,7,"№1 Раменское №1:11, 15 Егорьевск №2:8, 11 Ногинск №3:7, 14 Электрогорск:7, 18 Подружка:2, №5 Озёры:1, 12 Воскресенск №2:1",76,89739,2026-08-01,4593.4
000004526,кольцо 20-037,Кольца,,,2,1,15 Егорьевск №2:2,76,31420,2022-11-12,1990.2
000058963,цепь 106050 (Au.585),Цепи,,Золото 585,2,2,"№4 Луховицы:1, №5 Озёры:1",75,5212657,2026-06-24,353250.0
000063756,цепь 1658050120 (Au.585),Цепи,,Золото 585,3,3,"15 Егорьевск №2:1, №1 Раменское №1:1, №4 Луховицы:1",74,2721158,2026-06-21,195750.0
000007844,серьги (шт.) т141027063 (Au.585),Серьги,,Золото 585,1,1,№4 Луховицы:1,74,1950360,2024-04-08,149360.0
000000309,браслет 106050,Браслеты,,,2,2,"12 Воскресенск №2:1, 14 Электрогорск:1",74,1351091,2023-11-16,63984.0
000000099,цепь нц18-028-3,Цепи,,,2,2,"№1 Раменское №1:1, 12 Воскресенск №2:1",74,763903,2025-01-11,130275.0
000061251,кольцо обр глк т10001225 (Au.585),Кольца,Обручальные,Золото 585,4,4,"№1 Раменское №1:1, №5 Озёры:1, 18 Подружка:1, 12 Воскресенск №2:1",74,583144,2023-05-06,22260.0
000095684,колье гш-2 (Ag.925),Колье,,Серебро 925,10,5,"11 Ногинск №3:3, №1 Раменское №1:2, 18 Подружка:2, 14 Электрогорск:2, 15 Егорьевск №2:1",74,56000,2026-07-16,1430.0
000091579,колье (шт.) ш-01р (Ag.925),Колье,,Серебро 925,10,3,"14 Электрогорск:7, 15 Егорьевск №2:2, 18 Подружка:1",74,36336,2026-06-12,1100.0
000034868,кольцо обр др/к (шт.) т0013-120 (Au.585),Кольца,Обручальные,Золото 585,3,1,№1 Раменское №1:3,73,1201598,2025-11-15,111800.0
000087111,браслет нб22-399ю-3 (Ag.925),Браслеты,,Серебро 925,7,5,"№4 Луховицы:2, №5 Озёры:2, №1 Раменское №1:1, 12 Воскресенск №2:1, 14 Электрогорск:1",73,158511,2024-10-03,6792.5
000104229,цепь 968530354 (Ag.925),Цепи,,Серебро 925,16,3,"17 Солнечногорск:10, №7 Егорьевск №1:5, 19 Истра:1",73,45499,2026-08-21,1580.0
000010182,серьги 94170004,Серьги,,,5,4,"18 Подружка:2, 15 Егорьевск №2:1, №1 Раменское №1:1, 14 Электрогорск:1",73,22117,2026-07-31,1507.0
000080307,серьги вс-2222ц (Au.585),Серьги,,Золото 585,7,4,"№4 Луховицы:2, №5 Озёры:2, 11 Ногинск №3:2, 12 Воскресенск №2:1",72,450080,2026-08-11,29818.6
000001725,подвеска 030731 д,Подвески,,,1,1,18 Подружка:1,72,158118,2022-12-18,6099.0
000083929,браслет 61206 (Ag.925),Браслеты,,Серебро 925,14,7,"№4 Луховицы:3, 15 Егорьевск №2:2, №5 Озёры:2, 11 Ногинск №3:2, 12 Воскресенск №2:2, 14 Электрогорск:2, №1 Раменское №1:1",72,149123,2025-02-22,10864.0
000050900,серьги вс-2410 (Au.585),Серьги,,Золото 585,3,3,"№1 Раменское №1:1, 18 Подружка:1, 11 Ногинск №3:1",71,1452830,2025-12-13,110860.0
000006003,цепь цлв10512040,Цепи,,,7,6,"11 Ногинск №3:2, 15 Егорьевск №2:1, №1 Раменское №1:1, №4 Луховицы:1, 18 Подружка:1, 12 Воскресенск №2:1",71,1042144,2026-08-10,93150.0
000061255,кольцо обр глк т100613928 (Au.585),Кольца,Обручальные,Золото 585,21,7,"12 Воскресенск №2:6, 18 Подружка:4, №4 Луховицы:3, 14 Электрогорск:3, №1 Раменское №1:2, 11 Ногинск №3:2, 15 Егорьевск №2:1",71,773404,2026-08-20,41399.1
000059967,кольцо вкс-2178ч/б (Ag.925),Кольца,,Серебро 925,3,3,"15 Егорьевск №2:1, №5 Озёры:1, 12 Воскресенск №2:1",71,93910,2025-12-28,6170.0
000020195,цепь 110405001,Цепи,,,8,6,"№5 Озёры:2, 18 Подружка:2, №1 Раменское №1:1, 11 Ногинск №3:1, 12 Воскресенск №2:1, 14 Электрогорск:1",70,1049479,2026-09-03,113424.0
000085943,цепь 9058045_р (Ag.925),Цепи,,Серебро 925,12,6,"№1 Раменское №1:3, №4 Луховицы:3, 12 Воскресенск №2:3, №5 Озёры:1, 18 Подружка:1, 14 Электрогорск:1",70,89700,2025-12-31,6688.0
000079952,кольцо обр 14-4-44р (Ag.925),Кольца,Обручальные,Серебро 925,12,4,"№4 Луховицы:5, 14 Электрогорск:3, №1 Раменское №1:2, 11 Ногинск №3:2",70,76382,2026-02-27,2960.0
000071797,серьги вс-2447 (Au.585),Серьги,,Золото 585,6,6,"15 Егорьевск №2:1, №1 Раменское №1:1, №4 Луховицы:1, №5 Озёры:1, 11 Ногинск №3:1, 12 Воскресенск №2:1",69,1106837,2026-04-02,68310.0
000006729,цепь нц12-078,Цепи,,,1,1,15 Егорьевск №2:1,69,792130,2020-06-26,12296.0
000053595,кольцо вкс-2410 (Ag.925),Кольца,,Серебро 925,1,1,№5 Озёры:1,69,100015,2022-12-31,2715.6
000098679,цепь 96-180-50030-1 (Ag.925),Цепи,,Серебро 925,18,3,"№4 Луховицы:7, №5 Озёры:7, 12 Воскресенск №2:4",69,31618,2026-04-23,450.0
000065154,кольцо (шт.) т145618649 (Au.585),Кольца,,Золото 585,2,2,"18 Подружка:1, 14 Электрогорск:1",68,1895207,2025-10-04,134600.0
000000793,цепь нц12-050,Цепи,,,1,1,№5 Озёры:1,68,1007559,2021-02-07,28726.0
000018023,кольцо обр двуспл 110202,Кольца,Обручальные,,2,1,15 Егорьевск №2:2,68,558795,2025-03-08,29056.0
000050208,браслет 0514110001-00040 (Au.585),Браслеты,,Золото 585,1,1,12 Воскресенск №2:1,68,492489,2025-12-05,49050.0
000001202,подвеска вп-1114 (Au.585),Подвески,,Золото 585,2,2,"15 Егорьевск №2:1, 14 Электрогорск:1",68,247961,2026-09-05,18424.8
000001945,подвеска 030726 т,Подвески,,,1,1,№4 Луховицы:1,68,187123,2024-05-13,13248.0
000085938,цепь 9065050_р (Ag.925),Цепи,,Серебро 925,7,5,"№1 Раменское №1:2, 12 Воскресенск №2:2, 15 Егорьевск №2:1, 18 Подружка:1, 14 Электрогорск:1",68,170144,2024-07-08,9927.5
000007256,подвеска т13086391,Подвески,,,3,3,"15 Егорьевск №2:1, 18 Подружка:1, 14 Электрогорск:1",68,164811,2026-04-30,18958.2
000007563,подвеска 030734 л,Подвески,,,1,1,№5 Озёры:1,68,146700,2025-02-22,12285.0
000065141,серьги (шт.) т305628729 (Au.585),Серьги,,Золото 585,1,1,№5 Озёры:1,67,2937302,2026-04-26,173630.0
000085940,цепь 9046040_р (Ag.925),Цепи,,Серебро 925,21,7,"12 Воскресенск №2:5, №5 Озёры:4, 11 Ногинск №3:4, 15 Егорьевск №2:2, №1 Раменское №1:2, №4 Луховицы:2, 14 Электрогорск:2",67,61722,2026-06-03,4912.0
000000084,цепь 120603821,Цепи,,,9,7,"№1 Раменское №1:2, 11 Ногинск №3:2, 15 Егорьевск №2:1, №4 Луховицы:1, 18 Подружка:1, 12 Воскресенск №2:1, 14 Электрогорск:1",66,4409501,2026-07-21,367200.0
000004915,подвеска вп-1139 (Au.585),Подвески,,Золото 585,3,3,"15 Егорьевск №2:1, №4 Луховицы:1, 18 Подружка:1",66,233548,2025-11-19,18225.0
000054003,браслет ба8011 (Ag.925),Браслеты,,Серебро 925,3,3,"15 Егорьевск №2:1, 18 Подружка:1, 12 Воскресенск №2:1",65,191962,2023-04-06,6636.0
000101788,кольцо 20-042 (Ag.925),Кольца,,Серебро 925,43,8,"12 Воскресенск №2:12, 11 Ногинск №3:6, №1 Раменское №1:5, №4 Луховицы:5, №5 Озёры:5, 18 Подружка:4, 14 Электрогорск:4, 15 Егорьевск №2:2",65,51176,2026-05-26,2848.0
000000312,цепь 101050,Цепи,,,1,1,11 Ногинск №3:1,64,2038307,2023-08-04,164760.0
000061522,цепь 101045 (Au.585),Цепи,,Золото 585,1,1,12 Воскресенск №2:1,64,1834731,2022-03-07,108780.0
000061493,цепь 1658050500 (Au.585),Цепи,,Золото 585,9,6,"№4 Луховицы:2, 12 Воскресенск №2:2, 14 Электрогорск:2, №1 Раменское №1:1, №5 Озёры:1, 11 Ногинск №3:1",64,1495551,2025-10-09,132832.5
000075630,цепь 1650020120 (Au.585),Цепи,,Золото 585,6,6,"15 Егорьевск №2:1, №5 Озёры:1, 18 Подружка:1, 11 Ногинск №3:1, 12 Воскресенск №2:1, 14 Электрогорск:1",64,438261,2025-08-12,31950.0
000007229,подвеска т13086390,Подвески,,,7,5,"15 Егорьевск №2:2, 14 Электрогорск:2, №1 Раменское №1:1, №5 Озёры:1, 12 Воскресенск №2:1",64,178370,2026-02-11,18625.6
000000304,цепь 8060154п,Цепи,,,2,2,"№5 Озёры:1, 12 Воскресенск №2:1",63,1065162,2026-03-08,87075.0
000031557,кольцо обр с/к 110148 (Au.585),Кольца,Обручальные,Золото 585,10,3,"№5 Озёры:5, 15 Егорьевск №2:4, №1 Раменское №1:1",63,723989,2025-06-17,37248.0
000025318,подвеска т13086067,Подвески,,,6,5,"№1 Раменское №1:2, 15 Егорьевск №2:1, 18 Подружка:1, 11 Ногинск №3:1, 14 Электрогорск:1",63,188231,2026-09-01,27345.6
000001727,подвеска 030730 и,Подвески,,,1,1,14 Электрогорск:1,63,161070,2025-10-11,16835.0
000085154,цепь 9032060_р (Ag.925),Цепи,,Серебро 925,12,6,"№1 Раменское №1:3, №4 Луховицы:3, 11 Ногинск №3:2, 12 Воскресенск №2:2, 15 Егорьевск №2:1, 18 Подружка:1",63,97220,2026-08-01,7872.0
000005585,кольцо 8-001р,Кольца,,,1,1,12 Воскресенск №2:1,63,52217,2022-05-25,1299.2
000083519,пирсинг 404002-553р (Ag.925),Пирсинг,,Серебро 925,1,1,№1 Раменское №1:1,63,8019,2024-10-09,280.0
000003071,браслет 91041027,Браслеты,,,1,1,№5 Озёры:1,62,1889608,2025-04-17,207675.0
000105397,цепь 8040208 (Au.585),Цепи,,Золото 585,15,7,"№1 Раменское №1:4, 11 Ногинск №3:3, 12 Воскресенск №2:3, 15 Егорьевск №2:2, №4 Луховицы:1, №5 Озёры:1, 14 Электрогорск:1",62,1425093,2026-07-22,66600.0
000009965,браслет 120603821,Браслеты,,,12,7,"11 Ногинск №3:3, 15 Егорьевск №2:2, №1 Раменское №1:2, 18 Подружка:2, №4 Луховицы:1, №5 Озёры:1, 14 Электрогорск:1",62,1406891,2026-06-27,116550.0
000100742,цепь бгр70 (Ag.925),Цепи,,Серебро 925,7,4,"№5 Озёры:2, 11 Ногинск №3:2, 12 Воскресенск №2:2, №4 Луховицы:1",62,568404,2026-06-07,34144.0
000016625,подвеска т13086042,Подвески,,,5,5,"15 Егорьевск №2:1, №1 Раменское №1:1, 18 Подружка:1, 11 Ногинск №3:1, 14 Электрогорск:1",62,220158,2026-05-23,30166.8
000040325,серьги 0042с-202 (Ag.925),Серьги,,Серебро 925,1,1,11 Ногинск №3:1,62,118097,2025-07-23,8758.4
000096441,цепь 9041120_р (Ag.925),Цепи,,Серебро 925,60,7,"15 Егорьевск №2:13, №1 Раменское №1:11, 14 Электрогорск:11, 18 Подружка:10, 11 Ногинск №3:10, №4 Луховицы:3, №5 Озёры:2",62,55571,2026-06-25,3248.0
000002880,кольцо обр 94110017,Кольца,Обручальные,,1,1,15 Егорьевск №2:1,62,44313,2021-08-20,2702.2
000000659,серьги 94020123,Серьги,,,1,1,12 Воскресенск №2:1,62,29829,2024-10-01,2183.6
000063960,цепь цн230а2гр-с888 (Ag.925),Цепи,,Серебро 925,2,2,"15 Егорьевск №2:1, 12 Воскресенск №2:1",62,18184,2023-10-29,571.2
000071796,кольцо вк-2447 (Au.585),Кольца,,Золото 585,10,7,"№1 Раменское №1:2, №5 Озёры:2, 11 Ногинск №3:2, 15 Егорьевск №2:1, №4 Луховицы:1, 12 Воскресенск №2:1, 14 Электрогорск:1",61,848272,2026-08-01,51290.0
000100741,цепь бгр80 (Ag.925),Цепи,,Серебро 925,18,8,"11 Ногинск №3:4, №1 Раменское №1:3, 12 Воскресенск №2:3, 15 Егорьевск №2:2, №5 Озёры:2, 18 Подружка:2, №4 Луховицы:1, 14 Электрогорск:1",61,722315,2026-04-17,35712.0
000018386,подвеска (шт.) т141034309 (Au.585),Подвески,,Золото 585,1,1,14 Электрогорск:1,61,452638,2024-12-03,50950.0
000107037,кольцо 94110001 (Ag.925),Кольца,,Серебро 925,15,2,"№7 Егорьевск №1:8, 17 Солнечногорск:7",61,72354,2026-08-31,2790.0
000017953,кольцо кс-002,Кольца,,,2,2,"15 Егорьевск №2:1, 12 Воскресенск №2:1",61,29784,2022-11-01,1087.9
000017897,подвеска вп-1400-ж (Au.585),Подвески,,Золото 585,1,1,№1 Раменское №1:1,60,265869,2026-03-11,23850.0
000087284,цепь 9005060_р (Ag.925),Цепи,,Серебро 925,5,4,"№5 Озёры:2, №1 Раменское №1:1, 11 Ногинск №3:1, 12 Воскресенск №2:1",60,171389,2025-09-27,15488.0
000087120,браслет нб22-408ю-3 (Ag.925),Браслеты,,Серебро 925,8,5,"№4 Луховицы:3, 15 Егорьевск №2:2, №1 Раменское №1:1, 11 Ногинск №3:1, 12 Воскресенск №2:1",60,94508,2026-08-11,6144.0
000039430,серьги вс-2314 (Au.585),Серьги,,Золото 585,1,1,11 Ногинск №3:1,59,700791,2025-07-08,61197.5
000056481,подвеска вп-1437 (Au.585),Подвески,,Золото 585,3,3,"15 Егорьевск №2:1, 18 Подружка:1, 14 Электрогорск:1",59,345358,2026-07-19,26386.5
000050425,браслет ба8014 (Ag.925),Браслеты,,Серебро 925,1,1,№4 Луховицы:1,59,290160,2023-09-02,10058.4
000087286,цепь 9007080_р (Ag.925),Цепи,,Серебро 925,6,5,"№1 Раменское №1:2, 15 Егорьевск №2:1, №5 Озёры:1, 11 Ногинск №3:1, 12 Воскресенск №2:1",59,231366,2026-09-05,17584.0
000104215,цепь 968110302 (Ag.925),Цепи,,Серебро 925,15,2,"17 Солнечногорск:9, №7 Егорьевск №1:6",59,37736,2026-08-20,1380.0
000063985,цепь цп235сза2гр-с888 (Ag.925),Цепи,,Серебро 925,1,1,№1 Раменское №1:1,59,31527,2024-12-19,5120.0
000054804,подвеска впс-1404 (Ag.925),Подвески,,Серебро 925,3,3,"№4 Луховицы:1, 11 Ногинск №3:1, 12 Воскресенск №2:1",59,29934,2024-07-31,1830.0
000056476,подвеска вп-1438 (Au.585),Подвески,,Золото 585,6,6,"15 Егорьевск №2:1, №1 Раменское №1:1, №5 Озёры:1, 18 Подружка:1, 12 Воскресенск №2:1, 14 Электрогорск:1",58,295034,2026-09-03,23400.0
000006850,подвеска т13096152,Подвески,,,2,2,"18 Подружка:1, 11 Ногинск №3:1",58,272109,2025-10-15,26325.0
000084203,серьги 2000-0342 (Ag.925),Серьги,,Серебро 925,6,6,"15 Егорьевск №2:1, №1 Раменское №1:1, №4 Луховицы:1, 18 Подружка:1, 11 Ногинск №3:1, 14 Электрогорск:1",58,250508,2026-07-01,11570.0
000087117,браслет нб22-370ю-3 (Ag.925),Браслеты,,Серебро 925,2,2,"15 Егорьевск №2:1, 11 Ногинск №3:1",58,36642,2026-08-18,2288.0
000036765,кольцо обр др/к (шт.) т1008-220 (Au.585),Кольца,Обручальные,Золото 585,5,2,"№1 Раменское №1:4, 12 Воскресенск №2:1",57,1796288,2026-05-04,92560.0
000010173,цепь нц12-087 (Au.585),Цепи,,Золото 585,12,7,"№5 Озёры:3, №1 Раменское №1:2, 18 Подружка:2, 12 Воскресенск №2:2, 15 Егорьевск №2:1, №4 Луховицы:1, 14 Электрогорск:1",57,1229692,2026-03-07,63900.0
000085942,цепь 9065060_р (Ag.925),Цепи,,Серебро 925,2,2,"15 Егорьевск №2:1, №1 Раменское №1:1",57,214963,2026-03-12,22320.0
000087287,цепь 9009060_р (Ag.925),Цепи,,Серебро 925,4,3,"11 Ногинск №3:2, 15 Егорьевск №2:1, №4 Луховицы:1",57,164908,2025-10-14,16640.0
000083767,цепь 9022080_р (Ag.925),Цепи,,Серебро 925,6,5,"№5 Озёры:2, №1 Раменское №1:1, №4 Луховицы:1, 18 Подружка:1, 11 Ногинск №3:1",57,142934,2024-09-26,8806.5
000083814,кольцо обр 25-5000-0 (Ag.925),Кольца,Обручальные,Серебро 925,13,6,"№1 Раменское №1:4, 14 Электрогорск:4, 15 Егорьевск №2:2, №4 Луховицы:1, №5 Озёры:1, 12 Воскресенск №2:1",57,116774,2026-04-04,5984.0
000101786,кольцо 20-026 (Ag.925),Кольца,,Серебро 925,34,8,"№4 Луховицы:8, №1 Раменское №1:6, №5 Озёры:4, 18 Подружка:4, 11 Ногинск №3:4, 14 Электрогорск:4, 15 Егорьевск №2:2, 12 Воскресенск №2:2",57,79518,2026-08-13,4192.0
000074219,цепь 9032040 (Ag.925),Цепи,,Серебро 925,1,1,12 Воскресенск №2:1,57,25806,2024-11-24,2848.0
000060811,браслет 101050 (Au.585),Браслеты,,Золото 585,1,1,№4 Луховицы:1,56,777691,2025-08-02,76050.0
000003772,цепь нц18-002-3,Цепи,,,5,4,"15 Егорьевск №2:2, №1 Раменское №1:1, 18 Подружка:1, 11 Ногинск №3:1",56,656040,2024-09-03,88736.0
000041148,серьги вс-2396 (Au.585),Серьги,,Золото 585,2,2,"№1 Раменское №1:1, 12 Воскресенск №2:1",56,371492,2025-01-07,37765.0
000081619,кольцо обр 16-4-00р (Ag.925),Кольца,Обручальные,Серебро 925,8,6,"№4 Луховицы:2, №5 Озёры:2, 15 Егорьевск №2:1, №1 Раменское №1:1, 12 Воскресенск №2:1, 14 Электрогорск:1",56,55872,2026-09-03,3648.0
000064374,цепь 9022050 (Ag.925),Цепи,,Серебро 925,1,1,№5 Озёры:1,56,32857,2023-04-14,901.0
000000085,браслет 120803821,Браслеты,,,18,6,"№1 Раменское №1:4, №4 Луховицы:4, 15 Егорьевск №2:3, 11 Ногинск №3:3, 12 Воскресенск №2:3, №5 Озёры:1",55,1822613,2026-05-06,225615.0
000000303,цепь 8050154п,Цепи,,,1,1,12 Воскресенск №2:1,55,607870,2025-07-16,62775.0
000001875,подвеска 030737 (Au.585),Подвески,,Золото 585,1,1,№1 Раменское №1:1,55,122964,2025-05-13,12285.0
000104228,цепь 968510300 (Ag.925),Цепи,,Серебро 925,15,2,"17 Солнечногорск:14, №7 Егорьевск №1:1",55,36848,2026-08-11,1380.0
000067603,кольцо 20-041 (Ag.925),Кольца,,Серебро 925,9,5,"14 Электрогорск:3, 15 Егорьевск №2:2, 11 Ногинск №3:2, №5 Озёры:1, 18 Подружка:1",55,36773,2026-07-21,4960.0
000074896,браслет 101070 (Au.585),Браслеты,,Золото 585,5,3,"12 Воскресенск №2:3, 15 Егорьевск №2:1, №1 Раменское №1:1",54,1745325,2026-03-08,165375.0
000112327,кольцо обр глк 1180070003 (Au.585),Кольца,Обручальные,Золото 585,73,8,"11 Ногинск №3:13, 18 Подружка:12, №5 Озёры:11, 15 Егорьевск №2:9, №1 Раменское №1:9, 14 Электрогорск:9, №4 Луховицы:5, 12 Воскресенск №2:5",54,905971,2026-08-22,23424.0
000018243,подвеска т13086116,Подвески,,,3,3,"18 Подружка:1, 11 Ногинск №3:1, 14 Электрогорск:1",54,141734,2025-07-31,24920.4
000068702,кольцо 20-019 (Ag.925),Кольца,,Серебро 925,11,6,"№1 Раменское №1:5, №4 Луховицы:2, 15 Егорьевск №2:1, №5 Озёры:1, 18 Подружка:1, 12 Воскресенск №2:1",54,33194,2026-07-05,2464.0
000001706,браслет 120603221,Браслеты,,,2,2,"№4 Луховицы:1, 11 Ногинск №3:1",53,1393162,2023-11-22,114840.0
000065142,кольцо (шт.) т305618649 (Au.585),Кольца,,Золото 585,1,1,№5 Озёры:1,53,1380389,2026-04-26,224960.0
000061140,подвеска (шт.) т145634934 (Au.585),Подвески,,Золото 585,1,1,№1 Раменское №1:1,53,523190,2026-05-14,81840.0
000007401,подвеска ов-010/к,Подвески,,,1,1,12 Воскресенск №2:1,53,246679,2025-08-07,28800.0
000077809,пирсинг 190001 (Au.585),Пирсинг,,Золото 585,1,1,11 Ногинск №3:1,53,65172,2025-02-22,4322.5
000010380,браслет бр-111,Браслеты,,,2,2,"№5 Озёры:1, 18 Подружка:1",52,1394496,2026-07-31,165140.0
000081800,браслет 62105 (Au.585),Браслеты,,Золото 585,3,2,"14 Электрогорск:2, 12 Воскресенск №2:1",52,874784,2026-07-12,83437.5
000078447,серьги вс-2535 (Au.585),Серьги,,Золото 585,2,2,"18 Подружка:1, 14 Электрогорск:1",52,700872,2026-08-06,49725.0
000085933,колье нх22-086аю-3 (Ag.925),Колье,,Серебро 925,15,7,"№1 Раменское №1:4, 11 Ногинск №3:3, №4 Луховицы:2, №5 Озёры:2, 12 Воскресенск №2:2, 15 Егорьевск №2:1, 18 Подружка:1",52,646422,2025-12-03,38624.0
000065049,колье 71443.1 (Au.585),Колье,,Золото 585,1,1,12 Воскресенск №2:1,52,251312,2025-06-22,13228.8
000090018,кольцо обр кл-022 (Ag.925),Кольца,Обручальные,Серебро 925,10,4,"№5 Озёры:4, №1 Раменское №1:3, 15 Егорьевск №2:2, 11 Ногинск №3:1",52,69525,2026-07-16,4080.0
000083776,цепь 9007030_р (Ag.925),Цепи,,Серебро 925,22,8,"№1 Раменское №1:5, 11 Ногинск №3:4, 18 Подружка:3, 12 Воскресенск №2:3, 14 Электрогорск:3, 15 Егорьевск №2:2, №4 Луховицы:1, №5 Озёры:1",52,17862,2026-03-05,2064.0
000083728,цепь 52145 (Au.585),Цепи,,Золото 585,1,1,12 Воскресенск №2:1,51,2085166,2024-08-19,128400.0
000105407,цепь 8050208 (Au.585),Цепи,,Золото 585,17,7,"№4 Луховицы:8, 11 Ногинск №3:3, 15 Егорьевск №2:2, №1 Раменское №1:1, №5 Озёры:1, 12 Воскресенск №2:1, 14 Электрогорск:1",51,1706514,2026-07-17,83700.0
000112328,кольцо обр глк 1180070004 (Au.585),Кольца,Обручальные,Золото 585,77,8,"№5 Озёры:14, №4 Луховицы:13, №1 Раменское №1:11, 18 Подружка:10, 11 Ногинск №3:9, 14 Электрогорск:9, 15 Егорьевск №2:7, 12 Воскресенск №2:4",51,1256742,2026-08-30,33536.0
000082335,кольцо обр двуспл к-761 (Au.585),Кольца,Обручальные,Золото 585,21,4,"№5 Озёры:7, 18 Подружка:6, №1 Раменское №1:4, 11 Ногинск №3:4",51,1149021,2026-07-22,48768.0
000070991,цепь нц12-203пг (Au.585),Цепи,,Золото 585,1,1,12 Воскресенск №2:1,51,960350,2023-08-06,40455.0
000000009,цепь 110350501,Цепи,,,7,4,"12 Воскресенск №2:3, 18 Подружка:2, №5 Озёры:1, 11 Ногинск №3:1",51,779437,2026-08-16,86905.6
000001175,кольцо обр глк гл-60-01-1-09-000,Кольца,Обручальные,,3,2,"№1 Раменское №1:2, №5 Озёры:1",51,675320,2022-09-19,35920.0
000009392,подвеска вп-1113 (Au.585),Подвески,,Золото 585,6,6,"15 Егорьевск №2:1, №1 Раменское №1:1, №4 Луховицы:1, 18 Подружка:1, 12 Воскресенск №2:1, 14 Электрогорск:1",51,158649,2026-07-01,19960.2
000002670,браслет сбр009,Браслеты,,,1,1,12 Воскресенск №2:1,51,97971,2022-02-16,4440.4
000000017,браслет 035,Браслеты,,,2,2,"15 Егорьевск №2:1, №4 Луховицы:1",50,770385,2025-07-30,86400.0
000006548,цепь цяк20110025,Цепи,,,1,1,№1 Раменское №1:1,50,340531,2026-07-31,14621.7
000006699,цепь 110250501,Цепи,,,3,3,"№1 Раменское №1:1, №4 Луховицы:1, 12 Воскресенск №2:1",50,297943,2026-04-16,41850.0
000007310,подвеска т13086389,Подвески,,,3,3,"11 Ногинск №3:1, 12 Воскресенск №2:1, 14 Электрогорск:1",50,187200,2026-08-14,27345.6
000104193,цепь 968020402 (Ag.925),Цепи,,Серебро 925,13,3,"№7 Егорьевск №1:5, 17 Солнечногорск:4, 19 Истра:4",50,99281,2026-07-26,4990.0
